{
  "_generated": "Generated by SweetTooth, do not edit",
  "description": "Tray Icons Reloaded is a GNOME Shell extension which bring back Tray Icons to top panel, with additional features.\n\n>>> Read compatibility note on GitHub there is also bug reporting <<<",
  "name": "Tray Icons: Reloaded",
  "open-blacklist": [
    "Electron",
    "Yad"
  ],
  "settings-schema": "org.gnome.shell.extensions.trayIconsReloaded",
  "shell-version": [
    "42"
  ],
  "url": "https://github.com/MartinPL/Tray-Icons-Reloaded",
  "uuid": "trayIconsReloaded@selfmade.pl",
  "version": 23
}